state,utility_number,utility_name,ownership,residential_customers,residential_price_cents_kwh,avg_monthly_bill_dollars,cum_dc_count,cum_dc_per_100k_customers,n_service_area_features,service_area_states_sampled,dc_group
AZ,12351,City of Mesa - (AZ),Municipal,15331.0,16.93318176076797,145.7395690648577,41,267.4320005218185,1,AZ,high_dc
AZ,16572,Salt River Project,Political Subdivision,1053407.0,13.457662946542456,162.96732095635085,8,0.7594405581128661,1,AZ,high_dc
AZ,19604,USBIA-San Carlos Project,Federal,11432.0,19.48966193662696,179.6127828318171,2,17.49475157452764,1,AZ,high_dc
AZ,24211,Tucson Electric Power Co,Investor Owned,412747.0,15.630372362727098,125.09557913201064,1,0.24227916859480506,1,AZ,high_dc
AZ,19189,Trico Electric Cooperative Inc,Cooperative,52450.0,14.16829554174502,133.47664442326024,0,0.0,1,AZ,low_dc
AZ,30518,Electrical Dist No3 Pinal County,Political Subdivision,32009.0,13.931145180360787,164.72320284919866,0,0.0,1,AZ,low_dc
AZ,15048,Electrical Dist No2 Pinal County,Political Subdivision,5218.0,13.264953671026745,141.06618116775266,0,0.0,1,AZ,low_dc
CO,3989,City of Colorado Springs - (CO),Municipal,216771.0,14.451841161957077,89.5068989855654,2,0.9226326399749044,1,CO,high_dc
CO,13058,"Mountain View Elec Assn, Inc",Cooperative,59789.0,15.516455149640981,139.24147139663373,1,1.6725484620916893,1,CO,high_dc
CO,9336,CORE Electric Cooperative,Cooperative,165067.0,15.044404018107674,129.9260300362883,0,0.0,1,CO,low_dc
CO,19499,"United Power, Inc",Cooperative,101502.0,15.753758334270193,127.70109620171688,0,0.0,1,CO,low_dc
CO,6604,City of Fort Collins - (CO),Municipal,70803.0,13.206782781296402,82.07008648409436,0,0.0,1,CO,low_dc
CO,8773,"Holy Cross Electric Assn, Inc",Cooperative,49982.0,12.03769071866053,138.44817467621678,0,0.0,1,CO,low_dc
CO,11187,City of Longmont,Municipal,40855.0,12.301313367318041,85.05384897809326,0,0.0,1,CO,low_dc
CO,11256,City of Loveland - (CO),Municipal,37007.0,14.403107232100822,89.55805658388954,0,0.0,1,CO,low_dc
CO,5086,Delta Montrose Electric Assn,Cooperative,32575.0,14.971968290244252,107.2588897416219,0,0.0,1,CO,low_dc
CO,6638,City of Fountain,Municipal,17242.0,13.738373296475098,99.44225341221049,0,0.0,1,CO,low_dc
CO,6610,City of Fort Morgan,Municipal,5999.0,6.973324061607658,65.4720231149636,0,0.0,1,CO,low_dc
CO,12860,Morgan County Rural Elec Assn,Cooperative,5825.0,14.372978142845088,146.1931330472103,0,0.0,1,CO,low_dc
FL,18454,Tampa Electric Co,Investor Owned,757280.0,14.670891934794511,165.78586080005633,4,0.5282062117050497,1,FL,high_dc
FL,6455,"Duke Energy Florida, LLC",Investor Owned,1793067.0,16.627729310040873,170.342403081796,2,0.11154072881827616,1,FL,high_dc
FL,6909,Gainesville Regional Utilities,Municipal,92968.0,14.869009467103169,115.9066381263804,2,2.1512778590482746,1,FL,high_dc
FL,14610,Orlando Utilities Comm,Municipal,248683.0,15.237053623432264,149.90550218551328,0,0.0,1,FL,low_dc
FL,10857,"Lee County Electric Coop, Inc - (FL)",Cooperative,231142.0,13.537184619969612,159.34151589354886,0,0.0,1,FL,low_dc
FL,20885,Withlacoochee River Elec Coop,Cooperative,229375.0,12.349975201776806,151.16966394187102,0,0.0,1,FL,low_dc
FL,18304,"Sumter Electric Coop, Inc",Cooperative,228855.0,13.088233827762988,133.8287707646035,0,0.0,1,FL,low_dc
FL,3757,"Clay Electric Cooperative, Inc - (FL)",Cooperative,171179.0,13.093134306588647,159.07018384264424,0,0.0,1,FL,low_dc
FL,10623,City of Lakeland - (FL),Municipal,121604.0,11.401523835524701,133.93748012675022,0,0.0,1,FL,low_dc
FL,18445,City of Tallahassee - (FL),Municipal,106946.0,13.59578141174037,125.98476489692617,0,0.0,1,FL,low_dc
FL,10376,Kissimmee Utility Authority,Municipal,79281.0,13.217772300695554,148.59066695256953,0,0.0,1,FL,low_dc
FL,14606,"Peace River Electric Coop, Inc",Cooperative,57589.0,12.347165162246666,145.6021693957758,0,0.0,1,FL,low_dc
FL,3502,"Choctawhatche Elec Coop, Inc",Cooperative,57070.0,13.234605536644878,160.38388528707435,0,0.0,1,FL,low_dc
FL,13955,City of Ocala,Municipal,45171.0,12.11179706709593,126.31481850449772,0,0.0,1,FL,low_dc
FL,3245,"Central Florida Elec Coop, Inc",Cooperative,32771.0,13.620539494081772,142.76850467384781,0,0.0,1,FL,low_dc
FL,6443,"Florida Keys El Coop Assn, Inc",Cooperative,28815.0,12.942650057992386,173.6219561570941,0,0.0,1,FL,low_dc
FL,13485,New Smyrna Beach City of,Municipal,27879.0,10.922074668003006,104.23616342049571,0,0.0,1,FL,low_dc
FL,10226,"Utility Board of the City of Key West, F",Municipal,27264.0,14.029277037959876,169.3441901408451,0,0.0,1,,low_dc
FL,8795,City of Homestead - (FL),Municipal,26052.0,12.290652872892812,159.07703823122986,0,0.0,1,FL,low_dc
FL,10868,City of Leesburg - (FL),Municipal,24482.0,12.926152958315447,125.03676170247529,0,0.0,1,FL,low_dc
FL,10620,City of Lake Worth Beach - (FL),Municipal,24475.0,12.597090193401744,129.44807626830098,0,0.0,1,FL,low_dc
FL,6616,Fort Pierce Utilities Authority,Municipal,24444.0,12.616705796095378,110.28950526373207,0,0.0,1,FL,low_dc
FL,7785,"Gulf Coast Electric Coop, Inc",Cooperative,21220.0,14.67091274151608,175.0380929940308,0,0.0,1,FL,low_dc
FL,7264,"Glades Electric Coop, Inc",Cooperative,14456.0,16.586626681626107,182.37525364323926,0,0.0,1,FL,low_dc
FL,58124,City of Winter Park - (FL),Municipal,12137.0,13.63269514144533,179.76710334788936,0,0.0,1,FL,low_dc
FL,1300,City of Bartow - (FL),Municipal,11613.0,10.830073908515988,122.39516059588392,0,0.0,1,FL,low_dc
GA,17832,Snapping Shoals El Member Corp,Cooperative,105253.0,12.36633014194561,159.18469465636767,4,3.800366735389965,1,GA,high_dc
GA,4432,Coweta-Fayette El Member Corp,Cooperative,83001.0,12.803790525799661,158.09187037907174,4,4.819219045553668,1,GA,high_dc
GA,7090,GreyStone Power Corporation,Cooperative,139028.0,12.217326398799676,144.9574306374735,2,1.4385591391662111,1,GA,high_dc
GA,3916,Cobb Electric Membership Corp,Cooperative,200601.0,11.40533836470375,128.39616951062058,0,0.0,1,GA,low_dc
GA,16865,Sawnee Electric Membership Corporation,Cooperative,181600.0,11.538965543372447,136.2539922907489,0,0.0,1,GA,low_dc
GA,20065,Walton Electric Member Corp,Cooperative,131915.0,12.987417446396142,161.19894123741298,0,0.0,1,GA,low_dc
GA,6411,Flint Electric Membership Corp,Cooperative,83739.0,13.565176214322074,171.04694347914355,0,0.0,1,GA,low_dc
GA,3248,Central Georgia El Member Corp,Cooperative,61155.0,12.240150333512556,156.6579456572098,0,0.0,1,GA,low_dc
GA,16674,Satilla Rural Elec Member Corporation,Cooperative,54115.0,13.985294354817032,160.24531091194677,0,0.0,1,GA,low_dc
GA,562,Amicalola Electric Member Corp,Cooperative,50337.0,12.410637788824094,153.7169477720166,0,0.0,1,GA,low_dc
GA,11646,City of Marietta - (GA),Municipal,36273.0,11.933493514330479,99.04221689227064,0,0.0,1,GA,low_dc
GA,230,Albany Utility Board,Municipal,29517.0,12.8674977076732,125.19621461078926,0,0.0,1,GA,low_dc
GA,2903,Canoochee Electric Member Corp,Cooperative,24180.0,13.980800753535254,157.55479735318445,0,0.0,1,GA,low_dc
GA,12706,Mitchell Electric Member Corp,Cooperative,21293.0,16.00600721132941,187.28298814947007,0,0.0,1,GA,low_dc
GA,18956,Tri-County Elec Member Corp (GA),Cooperative,21154.0,14.830184631474504,174.28539913649112,0,0.0,1,GA,low_dc
GA,3843,Coastal Electric Member Corp - (GA),Cooperative,20559.0,13.935685415693788,175.39358269695347,0,0.0,1,GA,low_dc
GA,10624,Southern Rivers Energy,Cooperative,20411.0,16.40821946143007,207.27793836656704,0,0.0,1,GA,low_dc
GA,407,Altamaha Electric Member Corp,Cooperative,19628.0,16.035859937686286,161.26409550981592,0,0.0,1,GA,low_dc
GA,5582,City of East Point - (GA),Municipal,16365.0,11.967641368772565,98.91129442916794,0,0.0,1,GA,low_dc
GA,20146,Washington Elec Member Corp,Cooperative,15200.0,14.679490186879349,154.38815789473685,0,0.0,1,GA,low_dc
GA,18848,City of Thomasville - (GA),Municipal,14025.0,13.55425383254869,156.18478906714202,0,0.0,1,GA,low_dc
GA,7679,City of Griffin - (GA),Municipal,13594.0,15.003098315755555,148.4214849688588,0,0.0,1,GA,low_dc
GA,4744,Dalton Utilities,Municipal,13482.0,10.071768045676375,97.58690599812094,0,0.0,1,GA,low_dc
GA,4433,City of Covington - (GA),Municipal,12459.0,14.57191137814495,155.73079701420662,0,0.0,1,GA,low_dc
GA,13962,Oconee Electric Member Corp,Cooperative,10743.0,15.712295059680795,179.30512892115794,0,0.0,1,GA,low_dc
GA,10800,City of Lawrenceville - (GA),Municipal,10667.0,15.77522604474269,134.80125621074342,0,0.0,1,GA,low_dc
GA,13547,"Newnan Wtr, Sewer & Light Comm",Municipal,9209.0,13.200088073982144,119.34882542440367,0,0.0,1,GA,low_dc
GA,4538,Crisp County Power Comm,Political Subdivision,9206.0,14.541489814700347,191.65670939242523,0,0.0,1,GA,low_dc
GA,3939,City of College Park - (GA),Municipal,7924.0,12.841982658211467,104.35596500084132,0,0.0,1,GA,low_dc
GA,3108,City of Cartersville - (GA),Municipal,6711.0,14.560743578240215,157.1772711468733,0,0.0,1,GA,low_dc
IA,11053,Linn County REC,Cooperative,30323.0,14.229476405946993,120.99176642592532,1,3.297826732183491,1,IA,high_dc
IA,554,City of Ames - (IA),Municipal,24979.0,12.095769507466091,68.99295408142841,0,0.0,1,IA,low_dc
IA,3203,Cedar Falls Utilities,Municipal,17772.0,10.419878961333215,81.94397554205116,0,0.0,1,IA,low_dc
IA,12450,Midland Power Coop,Cooperative,11939.0,13.601369115531526,191.38258368930954,0,0.0,1,IA,low_dc
IA,9425,Iowa Lakes Electric Coop,Cooperative,9714.0,13.780229180403827,199.00401482396543,0,0.0,1,IA,low_dc
IA,5588,East-Central Iowa Rural Elec Coop,Cooperative,7368.0,13.281925929659215,178.8364096996019,0,0.0,1,IA,low_dc
IA,11788,Consumers Energy Coop - (IA),Cooperative,6922.0,15.003720809364628,152.918231724935,0,0.0,1,IA,low_dc
IL,17828,City of Springfield - (IL),Municipal,59621.0,11.953274884829497,99.18876458518531,0,0.0,1,IL,low_dc
IL,13208,City of Naperville - (IL),Municipal,56117.0,12.977611329244471,98.85165517282347,0,0.0,1,IL,low_dc
IL,4362,Corn Belt Energy Corporation,Cooperative,34710.0,15.757656122403429,144.0778353980601,0,0.0,1,IL,low_dc
IL,18955,"Tri-County Electric Coop, Inc (IL)",Cooperative,16197.0,16.042539113173543,189.60609989504232,0,0.0,1,IL,low_dc
IL,17860,City of St Charles - (IL),Municipal,14181.0,15.365398824812639,102.64908445572713,0,0.0,1,IL,low_dc
IL,1325,City of Batavia - (IL),Municipal,10020.0,14.081611676431288,102.54491017964072,0,0.0,1,IL,low_dc
IL,17040,"Shelby Electric Coop, Inc - (IL)",Cooperative,9871.0,18.626273178375556,192.67213723702426,0,0.0,1,IL,low_dc
IL,12395,Menard Electric Coop,Cooperative,9048.0,18.05182682075313,178.1075007368111,0,0.0,1,IL,low_dc
IL,7096,City of Geneva- (IL),Municipal,8691.0,11.031657355679702,85.20308364975261,0,0.0,1,IL,low_dc
IL,3931,Coles-Moultrie Electric Coop,Cooperative,8456.0,17.142731355111387,191.86573636076946,0,0.0,1,IL,low_dc
IL,16179,Rochelle Municipal Utilities,Municipal,5854.0,13.21718233703815,87.6893292335725,0,0.0,1,IL,low_dc
MD,1167,Baltimore Gas & Electric Co,Investor Owned,1025745.0,17.907412528010106,155.5781732626855,5,0.4874505846969764,1,MD,high_dc
MD,5625,Easton Utilities Comm,Municipal,8590.0,13.057297539066505,135.94004656577417,0,0.0,1,MD,low_dc
ME,1179,Versant Power,Investor Owned,130632.0,28.082110073193416,141.76056913058565,0,0.0,1,ME,low_dc
ME,5609,Eastern Maine Electric Coop,Cooperative,10803.0,17.057020702759857,85.86272331759697,0,0.0,1,ME,low_dc
MN,16181,Rochester Public Utilities,Municipal,54943.0,17.90808523999123,100.34884638018796,1,1.8200680705458385,1,MN,high_dc
MN,3400,City of Chaska - (MN),Municipal,10954.0,16.284259662077154,105.36181607936219,1,9.129085265656382,1,MN,high_dc
MN,20996,Wright-Hennepin Coop Elec Assn,Cooperative,53714.0,14.590103812573414,130.84686177408744,0,0.0,1,MN,low_dc
MN,4577,Crow Wing Cooperative Power & Light Comp,Cooperative,44698.0,13.330397674220226,107.79788804868228,0,0.0,1,MN,low_dc
MN,12651,Minnesota Valley Electric Coop,Cooperative,43412.0,13.977838998500994,132.45761540587856,0,0.0,1,MN,low_dc
MN,18019,Stearns Cooperative Elec Assn,Cooperative,26138.0,13.875201644411835,167.0039788813222,0,0.0,1,MN,low_dc
MN,1529,"Beltrami Electric Coop, Inc",Cooperative,20732.0,14.396455051225379,159.45157244838896,0,0.0,1,MN,low_dc
MN,16971,Shakopee Public Utilities Comm,Municipal,18517.0,15.54271635533207,97.09546182786988,0,0.0,1,MN,low_dc
MN,12546,Mille Lacs Energy Cooperative,Cooperative,14546.0,17.579982786179762,122.86711123332874,0,0.0,1,MN,low_dc
MN,16368,Runestone Electric Assn,Cooperative,14282.0,14.359230265414965,161.18190729589693,0,0.0,1,MN,low_dc
MN,20639,"Wild Rice Electric Coop, Inc",Cooperative,13948.0,14.3455502724323,167.99899627186693,0,0.0,1,MN,low_dc
MN,5773,City of Elk River,Municipal,11776.0,15.825672520851294,115.60943161231883,0,0.0,1,MN,low_dc
MN,691,City of Anoka,Municipal,11646.0,15.876973140360315,86.5819451599977,0,0.0,1,MN,low_dc
MN,14246,City of Owatonna - (MN),Municipal,11434.0,15.272410168747617,96.36974520436127,0,0.0,1,MN,low_dc
MN,9475,Itasca-Mantrap Co-op Electrical Assn,Cooperative,11200.0,13.436138500343954,122.07291666666664,0,0.0,1,MN,low_dc
MN,1009,City of Austin - (MN),Municipal,10795.0,15.343458305399412,91.87123668364984,0,0.0,1,MN,low_dc
MN,18047,Steele-Waseca Cooperative Electric,Cooperative,10725.0,15.629518720116474,146.8057498057498,0,0.0,1,MN,low_dc
MN,295,City of Alexandria - (MN),Municipal,8758.0,11.565720226106166,84.68828499657455,0,0.0,1,MN,low_dc
MN,20737,Willmar Municipal Utilities,Municipal,8662.0,12.21229868228404,80.2451319941507,0,0.0,1,MN,low_dc
MN,12227,Meeker Coop Light & Power Assn,Cooperative,8572.0,14.090419414479333,188.18731529009176,0,0.0,1,MN,low_dc
MN,2138,Brainerd Public Utilities,Municipal,6956.0,12.146960818108699,75.98835537665325,0,0.0,1,MN,low_dc
MN,9130,Hutchinson Utilities Comm,Municipal,6653.0,11.085420680796403,75.66761861816724,0,0.0,1,MN,low_dc
MN,11731,City of Marshall - (MN),Municipal,5857.0,9.695376916488943,82.14529622673724,0,0.0,1,MN,low_dc
NC,9837,Jones-Onslow Elec Member Corp,Cooperative,79690.0,13.091985458910774,141.4143347136822,0,0.0,1,NC,low_dc
NC,6235,Fayetteville Public Works Commission,Municipal,75987.0,12.211293466286262,118.52136988344496,0,0.0,1,NC,low_dc
NC,7639,Greenville Utilities Comm,Municipal,65731.0,11.97107309327983,118.90939333546322,0,0.0,1,NC,low_dc
NC,17572,South River Elec Member Corp,Cooperative,45730.0,13.301064607034757,167.20424229171223,0,0.0,1,NC,low_dc
NC,3107,Carteret-Craven El Member Corp,Cooperative,38858.0,12.146420715750384,122.33345342872339,0,0.0,1,NC,low_dc
NC,8571,Town of High Point,Municipal,38079.0,11.629801921886997,102.41931248194543,0,0.0,1,NC,low_dc
NC,20785,City of Wilson - (NC),Municipal,32078.0,12.134723924614473,131.42262609888397,0,0.0,1,NC,low_dc
NC,15671,Randolph Electric Member Corp,Cooperative,31086.0,15.907553403946087,163.13694267515925,0,0.0,1,NC,low_dc
NC,6640,Four County Elec Member Corp,Cooperative,30807.0,13.975906234843526,173.82250787158762,0,0.0,1,NC,low_dc
NC,4150,City of Concord - (NC),Municipal,29857.0,11.844704222513354,118.09793348293533,0,0.0,1,NC,low_dc
NC,719,Town of Apex- (NC),Municipal,29289.0,10.517067957502986,95.19785585031923,0,0.0,1,NC,low_dc
NC,16226,City of Rocky Mount - (NC),Municipal,25407.0,12.181222162368119,121.63642565697118,0,0.0,1,NC,low_dc
NC,18957,Tri-County Elec Member Corp (NC),Cooperative,22523.0,12.758869455565526,158.35479287839098,0,0.0,1,NC,low_dc
NC,3250,Central Electric Membership Corp. - (NC),Cooperative,22071.0,14.33509019985949,184.12698412698413,0,0.0,1,NC,low_dc
NC,19108,Tideland Electric Member Corp,Cooperative,21551.0,16.181376504746137,150.42225418774072,0,0.0,1,NC,low_dc
NC,13416,City of New Bern - (NC),Municipal,21226.0,12.646805599329678,129.18001507585035,0,0.0,1,NC,low_dc
NC,10966,City of Lexington - (NC),Municipal,18053.0,11.749222139908985,128.11628722834618,0,0.0,1,NC,low_dc
NC,240,Albemarle Electric Member Corp,Cooperative,12728.0,14.471975676094496,177.3190341504295,0,0.0,1,NC,low_dc
NC,18022,City of Statesville - (NC),Municipal,12120.0,11.706065547166604,104.15291529152915,0,0.0,1,NC,low_dc
NC,20142,City of Washington - (NC),Municipal,11547.0,13.008537584958763,129.42539187667793,0,0.0,1,NC,low_dc
NC,5760,City of Elizabeth City - (NC),Municipal,11366.0,11.756040458246195,131.06340547832718,0,0.0,1,NC,low_dc
NC,232,City of Albemarle - (NC),Municipal,11248.0,10.846117338321305,115.13231981981983,0,0.0,1,NC,low_dc
NC,5656,Edgecombe-Martin County E M C,Cooperative,10716.0,16.064833194157348,182.5183526191365,0,0.0,1,NC,low_dc
NC,12801,City of Monroe - (NC),Municipal,10543.0,12.283782453146028,118.32495494640995,0,0.0,1,NC,low_dc
NC,10345,City of Kinston - (NC),Municipal,10042.0,13.07487278895081,138.813649339441,0,0.0,1,NC,low_dc
NC,11318,City of Lumberton - (NC),Municipal,9983.0,13.8340001425241,113.4345053257204,0,0.0,1,NC,low_dc
NC,9087,Town of Huntersville - (NC),Municipal,8080.0,12.12498949844577,119.07900165016503,0,0.0,1,NC,low_dc
NC,12944,City of Morganton - (NC),Municipal,7055.0,10.67327418538353,94.63737302149775,0,0.0,1,NC,low_dc
NC,18466,Town of Tarboro - (NC),Municipal,5592.0,13.55730398545478,125.56628516928946,0,0.0,1,NC,low_dc
NE,11018,Lincoln Electric System,Municipal,134912.0,10.857879160963225,87.70371303763442,0,0.0,1,NE,low_dc
NE,40606,City of Grand Island - (NE),Municipal,22799.0,10.93292657789504,87.24066845037062,0,0.0,1,NE,low_dc
NE,11251,Loup River Public Power Dist,Political Subdivision,16292.0,10.588992059613464,129.6699811768557,0,0.0,1,NE,low_dc
NE,4911,Dawson Power District,Political Subdivision,16080.0,11.409912517427212,145.05182421227198,0,0.0,1,NE,low_dc
NE,17642,Southern Public Power District,Political Subdivision,15215.0,9.214510587160001,119.26881367071968,0,0.0,1,NE,low_dc
NE,6779,City of Fremont - (NE),Municipal,14077.0,11.966224116340692,102.38983211385,0,0.0,1,NE,low_dc
NE,13725,City of North Platte,Municipal,11906.0,11.364389427447517,93.6222632846184,0,0.0,1,NE,low_dc
NE,8245,City of Hastings - (NE),Municipal,11611.0,11.320347294075308,90.30229954353631,0,0.0,1,NE,low_dc
NE,4373,Cornhusker Public Power Dist,Political Subdivision,7385.0,10.84473074354845,155.77522004062288,0,0.0,1,NE,low_dc
NE,5780,Elkhorn Rural Public Pwr Dist,Political Subdivision,6146.0,9.414521683854991,134.54550385074302,0,0.0,1,NE,low_dc
NJ,19856,City of Vineland - (NJ),Municipal,22774.0,17.835396677031074,136.84977020579024,0,0.0,1,NJ,low_dc
NV,2008,City of Boulder City - (NV),Municipal,7145.0,10.373784211716806,128.37648705388384,0,0.0,1,NV,low_dc
OH,10668,Licking Rural Electric Inc,Cooperative,25820.0,16.8795093573955,177.74367415440227,32,123.93493415956621,1,OH,high_dc
OH,4065,City of Columbus - (OH),Municipal,15510.0,11.32386507735227,62.37373737373738,18,116.05415860735009,1,OH,high_dc
OH,19501,"Union Rural Electric Coop, Inc",Cooperative,11812.0,15.67384906071727,182.59397223162887,8,67.72773450728073,1,OH,high_dc
OH,3762,City of Cleveland - (OH),Municipal,64914.0,14.867952931861629,73.28426841667437,4,6.161998952460178,1,OH,high_dc
OH,3755,Cleveland Electric Illum Co,Investor Owned,131370.0,16.75931330913958,103.26266778310624,0,0.0,1,OH,low_dc
OH,7977,City of Hamilton - (OH),Municipal,26964.0,15.437732079391548,119.8789744350492,0,0.0,1,OH,low_dc
OH,4683,City of Cuyahoga Falls - (OH),Municipal,24349.0,13.017930124510093,79.6884197845223,0,0.0,1,OH,low_dc
OH,12990,Consolidated Cooperative,Cooperative,16897.0,16.108159333830475,204.54321279911622,0,0.0,1,OH,low_dc
OH,15054,"Pioneer Rural Elec Coop, Inc - (OH)",Cooperative,16310.0,16.181935422239206,207.71612507664008,0,0.0,1,OH,low_dc
OH,20477,City of Westerville - (OH),Municipal,15713.0,13.190185812072901,121.7145039139566,0,0.0,1,OH,low_dc
OH,7891,Guernsey-Muskingum El Coop Inc,Cooperative,15289.0,17.997331356560416,165.41304205638042,0,0.0,1,OH,low_dc
OH,11200,"Lorain-Medina R E C, Inc",Cooperative,15234.0,17.262152916652944,200.67885431709772,0,0.0,1,OH,low_dc
OH,8761,Holmes-Wayne Electric Coop Inc,Cooperative,14714.0,16.517231686062853,166.390285895519,0,0.0,1,OH,low_dc
OH,2054,City of Bowling Green - (OH),Municipal,13068.0,15.362489112159945,96.72482399755127,0,0.0,1,OH,low_dc
OH,19951,City of Wadsworth - (OH),Municipal,12180.0,11.987937997072672,93.02134646962234,0,0.0,1,OH,low_dc
OH,13602,City of Niles - (OH),Municipal,11882.0,9.31343964708567,51.52752061942434,0,0.0,1,OH,low_dc
OH,14381,City of Painesville,Municipal,10832.0,12.749648137162533,84.3257631708518,0,0.0,1,OH,low_dc
OH,15095,City of Piqua - (OH),Municipal,9829.0,12.84936499800672,95.64469088072711,0,0.0,1,OH,low_dc
OH,10830,City of Lebanon - (OH),Municipal,8707.0,11.14351990078317,92.87546418590405,0,0.0,1,OH,low_dc
OH,13693,"North Central Elec Coop, Inc - (OH)",Cooperative,8433.0,17.094978129486794,202.37064706114867,0,0.0,1,OH,low_dc
OH,3216,City of Celina - (OH),Municipal,7557.0,9.116559347823896,99.76401570288033,0,0.0,1,OH,low_dc
OH,14194,City of Orrville - (OH),Municipal,6314.0,10.964776713120372,107.68398268398268,0,0.0,1,OH,low_dc
OH,5336,City of Dover - (OH),Municipal,5869.0,15.030192131747484,116.62974953143636,0,0.0,1,OH,low_dc
OR,16555,Salem Electric - (OR),Cooperative,18385.0,11.021621312659459,96.14268878614813,2,10.878433505575197,1,OR,high_dc
OR,6022,City of Eugene - (OR),Municipal,89582.0,13.072759964166186,115.1139923943054,1,1.116295684400884,1,OR,high_dc
OR,6582,City of Forest Grove,Municipal,10369.0,9.932636392798099,97.05211045745331,1,9.644131545954286,1,OR,high_dc
OR,3264,Central Lincoln People's Ut Dt,Political Subdivision,35904.0,10.934235219969588,108.31731840463458,0,0.0,1,OR,low_dc
OR,3240,Central Electric Coop Inc - (OR),Cooperative,34562.0,9.749624068056827,134.12996933047856,0,0.0,1,OR,low_dc
OR,17839,City of Springfield - (OR),Municipal,29882.0,8.104057875662422,81.75406599290542,0,0.0,1,OR,low_dc
OR,14109,"Oregon Trail El Cons Coop, Inc",Cooperative,25997.0,10.075063458673537,101.02127168519445,0,0.0,1,OR,low_dc
OR,18917,Tillamook Peoples Utility Dist,Political Subdivision,20133.0,11.821882097047629,122.38199307935561,0,0.0,1,OR,low_dc
OR,40437,Emerald People's Utility Dist,Political Subdivision,19968.0,11.048034934497817,134.30488782051282,0,0.0,1,OR,low_dc
OR,4743,"Consumers Power, Inc",Cooperative,18751.0,13.010629889995197,152.90606723196984,0,0.0,1,OR,low_dc
OR,12439,"Midstate Electric Coop, Inc",Cooperative,18594.0,10.524543848505989,135.89957333906995,0,0.0,1,OR,low_dc
OR,12187,City of McMinnville - (OR),Municipal,17190.0,7.557619454967616,74.9515222028311,0,0.0,1,OR,low_dc
OR,10681,Lane Electric Coop Inc,Cooperative,12413.0,12.547725640347135,155.9856601949569,0,0.0,1,OR,low_dc
PA,19390,"UGI Utilities, Inc",Investor Owned,54485.0,18.92868209947284,157.89100975803737,0,0.0,1,PA,low_dc
PA,40224,"Central Electric Coop, Inc - (PA)",Cooperative,23629.0,17.028386816075834,129.74875506087153,0,0.0,1,PA,low_dc
PA,40292,REA Energy Coop Inc,Cooperative,20932.0,14.53111763346825,135.2116376839289,0,0.0,1,PA,low_dc
PA,40222,Valley Rural Electric Coop Inc,Cooperative,18180.0,14.871049976359568,139.84690135680236,0,0.0,1,PA,low_dc
PA,40289,Claverack Rural Elec Coop Inc,Cooperative,16742.0,18.25063834378259,151.55994903038268,0,0.0,1,PA,low_dc
PA,3329,Borough of Chambersburg,Municipal,9914.0,11.951979979692515,97.95323112097371,0,0.0,1,PA,low_dc
PA,40221,"Bedford Rural Elec Coop, Inc",Cooperative,8837.0,14.547338975034966,136.33020255742898,0,0.0,1,PA,low_dc
PA,3597,Citizens Electric Co - (PA),Investor Owned,5958.0,13.628843490729054,155.54716347767706,0,0.0,1,PA,low_dc
SC,1613,Berkeley Electric Coop Inc,Cooperative,115117.0,14.934644070292777,170.30861355548413,9,7.818132856137669,1,SC,high_dc
SC,10768,"Laurens Electric Coop, Inc",Cooperative,58438.0,14.658422681847881,156.12272836168248,0,0.0,1,SC,low_dc
SC,12462,Mid-Carolina Electric Coop Inc,Cooperative,56463.0,14.879229976042955,170.58796616073064,0,0.0,1,SC,low_dc
SC,16606,"Santee Electric Coop, Inc",Cooperative,35235.0,14.742330975281087,184.48275862068965,0,0.0,1,SC,low_dc
SC,1763,"Black River Electric Coop, Inc - (SC)",Cooperative,30610.0,13.467029305360821,169.4443536970489,0,0.0,1,SC,low_dc
SC,7654,Greer Commission of Public Wks,Municipal,24893.0,11.802925427713204,96.81436548427268,0,0.0,1,SC,low_dc
SC,14164,City of Orangeburg - (SC),Municipal,20639.0,15.488013601156705,164.7851155579243,0,0.0,1,SC,low_dc
SC,14175,"Tri-County Electric Coop, Inc (SC)",Cooperative,17672.0,18.509933206270713,203.33484231175495,0,0.0,1,SC,low_dc
SC,6709,Easley Combined Utility System,Municipal,15772.0,12.809603815511355,124.87847662524304,0,0.0,1,SC,low_dc
SC,13524,"Newberry Electric Coop, Inc",Cooperative,12970.0,16.316978799837763,162.8437419686456,0,0.0,1,SC,low_dc
SC,7646,Greenwood CPW,Municipal,11753.0,9.038186074136185,73.37133781445873,0,0.0,1,SC,low_dc
TN,13216,Nashville Electric Service,Municipal,417640.0,13.47051055305614,137.50538741499858,6,1.436643999616895,1,TN,high_dc
TN,12470,Middle Tennessee E M C,Cooperative,307370.0,11.764107599061704,148.32747719903264,4,1.3013631779288806,1,TN,high_dc
TN,727,Appalachian Electric Coop,Cooperative,43709.0,12.928309540525783,157.9842442822607,1,2.2878583358118463,1,TN,high_dc
TN,10421,Knoxville Utilities Board,Municipal,193707.0,12.540330627502644,137.060526121066,0,0.0,1,TN,low_dc
TN,10906,City of Lenoir - (TN),Municipal,62455.0,11.954229797634754,145.9197288714541,0,0.0,1,TN,low_dc
TN,19574,Upper Cumberland E M C,Cooperative,45560.0,12.77002049247084,150.5688469417618,0,0.0,1,TN,low_dc
TN,9612,City of Jackson - (TN),Municipal,31856.0,11.971622168036955,127.79382219989954,0,0.0,1,TN,low_dc
TN,3855,Columbia Power System - (TN),Municipal,31166.0,12.004157411593576,130.6311364948983,0,0.0,1,TN,low_dc
TN,5148,City of Dickson,Municipal,30808.0,11.648854526011142,143.49357309789664,0,0.0,1,TN,low_dc
TN,12330,Meriwether Lewis Electric Coop,Cooperative,30319.0,13.68404863658183,161.40593907011007,0,0.0,1,TN,low_dc
TN,2960,"Caney Fork Electric Coop, Inc",Cooperative,29631.0,12.885981571358233,149.41558952898427,0,0.0,1,TN,low_dc
TN,3758,City of Cleveland - (TN),Municipal,29331.0,12.527198613611024,138.21838100758015,0,0.0,1,TN,low_dc
TN,577,City of Alcoa Utilities,Municipal,28183.0,12.211338560415697,148.14781960756486,0,0.0,1,TN,low_dc
TN,3812,City of Clinton - (TN),Municipal,26230.0,12.990454290221663,154.34934553310458,0,0.0,1,TN,low_dc
TN,8764,"Holston Electric Coop, Inc",Cooperative,25773.0,13.052061232785936,151.57011859956802,0,0.0,1,TN,low_dc
TN,6923,City of Gallatin - (TN),Municipal,23204.0,11.782333286927468,121.57745790955583,0,0.0,1,TN,low_dc
TN,11789,Maryville Utilities,Municipal,19971.0,11.277042480596903,125.50281241132977,0,0.0,1,TN,low_dc
TN,10968,City of Lexington - (TN),Municipal,17961.0,12.038844995021531,129.58632592840044,0,0.0,1,TN,low_dc
TN,18643,Tennessee Valley Electric Coop,Cooperative,16804.0,12.412296335735267,136.42089185114654,0,0.0,1,TN,low_dc
TN,4294,City of Cookeville - (TN),Municipal,15946.0,11.290410898896093,107.75429574815001,0,0.0,1,TN,low_dc
TN,13933,City of Oak Ridge,Municipal,15497.0,12.46952642771928,116.34509905142932,0,0.0,1,TN,low_dc
TN,12988,City of Morristown - (TN),Municipal,13459.0,12.743817768192159,133.5351809198306,0,0.0,1,TN,low_dc
TN,11222,Loudon Utilities Board,Municipal,12698.0,11.451275899550014,133.43964928860188,0,0.0,1,TN,low_dc
TN,3075,Carroll County - (TN),Municipal,12344.0,11.922013725854487,142.95744221214085,0,0.0,1,TN,low_dc
TN,16223,City of Rockwood - (TN),Municipal,12042.0,12.71123195742096,152.05115429330675,0,0.0,1,TN,low_dc
TN,947,Athens Utility Board,Municipal,11651.0,11.77138320110661,135.73226904700599,0,0.0,1,TN,low_dc
TN,17047,City of Shelbyville - (TN),Municipal,9877.0,11.325148985074854,125.54419358104688,0,0.0,1,TN,low_dc
TN,5509,City of Dyersburg,Municipal,9475.0,11.147846727704307,127.22075637642921,0,0.0,1,TN,low_dc
TN,8147,City of Harriman - (TN),Municipal,9335.0,13.438397264251378,148.74129619710766,0,0.0,1,TN,low_dc
TN,19266,Tullahoma Board-Public Utils,Municipal,9278.0,11.175778492430778,127.97298268304951,0,0.0,1,TN,low_dc
TN,4920,City of Dayton - (TN),Municipal,9053.0,11.979456928999511,128.61298280496337,0,0.0,1,TN,low_dc
TN,1578,Benton County,Municipal,8775.0,13.879527095704272,147.83475783475782,0,0.0,1,TN,low_dc
TN,17829,City of Springfield - (TN),Municipal,7675.0,11.465612264503928,123.10532030401737,0,0.0,1,TN,low_dc
TN,18384,City of Sweetwater,Municipal,7534.0,11.616318634817002,148.78108132023715,0,0.0,1,TN,low_dc
TN,12532,City of Milan - (TN),Municipal,6902.0,12.09010266121798,146.455133777649,0,0.0,1,TN,low_dc
TN,12186,McMinnville Electric System,Municipal,6646.0,11.832822085889571,116.08486307553416,0,0.0,1,TN,low_dc
TN,20793,City of Winchester - (TN),Municipal,5292.0,11.81140588856841,130.25951121189215,0,0.0,1,TN,low_dc
TN,19430,City of Union City,Municipal,5203.0,11.311426367086018,115.06182330706643,0,0.0,1,TN,low_dc
TN,27222,City of Ripley - (TN),Municipal,5106.0,12.347116184140903,133.29089959524742,0,0.0,1,TN,low_dc
TX,8620,"HILCO Electric Cooperative, Inc.",Cooperative,26883.0,14.909921676608755,215.85822514848292,27,100.43521928356209,1,TX,high_dc
TX,16604,City of San Antonio - (TX),Municipal,865914.0,12.432968896776979,133.09313434513513,17,1.9632434629766928,1,TX,high_dc
TX,1015,Austin Energy,Municipal,507291.0,12.577562641291703,104.84810493385453,11,2.168380673025936,1,TX,high_dc
TX,1175,"Bandera Electric Coop, Inc",Cooperative,35346.0,12.401152270639164,145.74727927724024,8,22.633395575171168,1,TX,high_dc
TX,16638,"San Bernard Electric Coop, Inc",Cooperative,31774.0,14.163224092800501,173.2711231405132,5,15.736136463775415,1,TX,high_dc
TX,1892,"Bluebonnet Electric Coop, Inc",Cooperative,113890.0,11.415535256836252,137.63016946176134,1,0.8780402142418122,1,TX,high_dc
TX,19490,United Electric Coop Service Inc - (TX),Cooperative,88324.0,12.998031604969906,168.46591337952688,1,1.132195099859608,1,TX,high_dc
TX,6958,City of Garland - (TX),Municipal,69421.0,13.475407562789377,146.98002045490557,1,1.440486308177641,1,TX,high_dc
TX,12452,Mid-South Electric Coop Assn,Cooperative,36267.0,14.08316759880891,176.70264979182176,1,2.7573275980919294,1,TX,high_dc
TX,1273,"Bartlett Electric Coop, Inc",Cooperative,11527.0,16.0872746165632,219.37118648969087,1,8.675284115554785,1,TX,high_dc
TX,14626,"Pedernales Electric Coop, Inc",Cooperative,405587.0,12.21822365768102,145.55079017161134,0,0.0,1,TX,low_dc
TX,11501,Magic Valley Electric Coop Inc,Cooperative,126402.0,10.201386399556808,132.08434201990477,0,0.0,1,TX,low_dc
TX,7752,Guadalupe Valley Elec Coop Inc,Cooperative,92189.0,12.486205657266078,149.48846030075893,0,0.0,1,TX,low_dc
TX,16613,Sam Houston Electric Coop Inc,Cooperative,86118.0,12.621721354208612,144.07653839305758,0,0.0,1,TX,low_dc
TX,18976,Trinity Valley Elec Coop Inc,Cooperative,79954.0,11.259310885568672,142.78460114565874,0,0.0,1,TX,low_dc
TX,5063,City of Denton - (TX),Municipal,58941.0,12.811958227720908,127.99296471612855,0,0.0,1,TX,low_dc
TX,2442,City of Bryan - (TX),Municipal,58284.0,11.384231601443515,128.4100267654931,0,0.0,1,TX,low_dc
TX,13418,City of New Braunfels - (TX),Municipal,53975.0,13.175949261429285,138.91462096649684,0,0.0,1,TX,low_dc
TX,19579,Upshur Rural Elec Coop Corp,Cooperative,44415.0,12.396459838605605,145.98483995647118,0,0.0,1,TX,low_dc
TX,3940,City of College Station - (TX),Municipal,42995.0,14.566872515897217,135.46536418963447,0,0.0,1,TX,low_dc
TX,3282,"Central Texas Elec Coop, Inc",Cooperative,39569.0,11.027817039654495,118.3074713369894,0,0.0,1,TX,low_dc
TX,20927,"Wood County Electric Coop, Inc",Cooperative,35793.0,12.826208986148648,137.78299295020443,0,0.0,1,TX,low_dc
TX,12268,"Medina Electric Coop, Inc",Cooperative,30205.0,12.096339104255678,136.45809192738508,0,0.0,1,TX,low_dc
TX,7129,City of Georgetown - (TX),Municipal,29904.0,13.871632866917341,125.42329900124844,0,0.0,1,TX,low_dc
TX,28978,City of San Marcos - (TX),Municipal,22261.0,12.028855120510388,109.61247622898043,0,0.0,1,TX,low_dc
TX,3470,Cherokee County Elec Coop Assn - (TX),Cooperative,22026.0,14.916409900306027,161.72931989466994,0,0.0,1,TX,low_dc
TX,19806,"Victoria Electric Coop, Inc",Cooperative,21500.0,12.132498280193117,151.0717054263566,0,0.0,1,TX,low_dc
TX,8898,Houston County Elec Coop Inc,Cooperative,21426.0,16.60096423975495,142.49432154080714,0,0.0,1,TX,low_dc
TX,28604,Kerrville Public Utility Board,Municipal,20278.0,8.709696598758416,102.34079626524641,0,0.0,1,TX,low_dc
TX,16146,"Navasota Valley Elec Coop, Inc",Cooperative,19672.0,15.754613767238315,148.23141182052325,0,0.0,1,TX,low_dc
TX,7979,Hamilton County Elec Coop Assn,Cooperative,19594.0,13.69407507445114,134.5505426831343,0,0.0,1,TX,low_dc
TX,27369,Taylor Electric Coop Inc - (TX),Cooperative,18722.0,15.374775621131036,163.17255991169034,0,0.0,1,TX,low_dc
TX,55982,Heart of Texas Electric Coop,Cooperative,18722.0,12.623769605981831,192.37617063704022,0,0.0,1,TX,low_dc
TX,13332,"Navarro County Elec Coop, Inc",Cooperative,18435.0,14.253908967739573,175.96058222583852,0,0.0,1,TX,low_dc
TX,13830,Nueces Electric Cooperative,Cooperative,18038.0,13.687331654280309,173.4888383782385,0,0.0,1,TX,low_dc
TX,6427,City of Floresville,Municipal,15797.0,12.374172236662954,168.75936359224326,0,0.0,1,TX,low_dc
TX,9590,"Jackson Electric Coop, Inc - (TX)",Cooperative,15620.0,13.417350975470688,121.77763551002988,0,0.0,1,TX,low_dc
TX,7634,City of Greenville - (TX),Municipal,15165.0,14.949863743016172,156.15452247499726,0,0.0,1,TX,low_dc
TX,20230,Weatherford Mun Utility System,Municipal,14466.0,12.687310725977843,148.90663164201115,0,0.0,1,TX,low_dc
TX,6183,"Fayette Electric Coop, Inc",Cooperative,14150.0,12.542758057452627,124.81743227326267,0,0.0,1,TX,low_dc
TX,10009,Karnes Electric Coop Inc,Cooperative,13222.0,9.902998959623911,144.5822618867544,0,0.0,1,TX,low_dc
TX,4146,Concho Valley Elec Coop Inc,Cooperative,12060.0,12.725345966837052,119.89980652294086,0,0.0,1,TX,low_dc
TX,16627,San Patricio Electric Coop Inc,Cooperative,10007.0,13.990204875130852,155.8117650977649,0,0.0,1,TX,low_dc
TX,1591,"Big Country Electric Coop, Inc",Cooperative,9449.0,13.721774330329378,107.02543479027763,0,0.0,1,TX,low_dc
TX,16900,City of Seguin - (TX),Municipal,8478.0,10.886446886446887,109.54824251002594,0,0.0,1,TX,low_dc
TX,4295,Comanche County Elec Coop Assn,Cooperative,7359.0,15.515700411130311,176.92621280065225,0,0.0,1,TX,low_dc
TX,2194,City of Brenham - (TX),Municipal,6059.0,10.578108941418295,113.24751059030643,0,0.0,1,TX,low_dc
TX,17693,"Southwest Texas Elec Coop, Inc",Cooperative,5886.0,13.546353491446146,75.44738928530977,0,0.0,1,TX,low_dc
TX,20472,"Wharton County Elec Coop, Inc",Cooperative,5548.0,13.369077845605315,148.68721461187215,0,0.0,1,TX,low_dc
UT,15444,Provo City Corp,Municipal,35299.0,11.389146001882196,69.42547947533924,0,0.0,1,UT,low_dc
UT,10879,Lehi City Corporation,Municipal,27459.0,10.947206958671583,88.15294317588648,0,0.0,1,UT,low_dc
UT,11135,City of Logan - (UT),Municipal,19455.0,12.82035309878745,64.35492161398098,0,0.0,1,UT,low_dc
UT,13137,City of Murray - (UT),Municipal,17000.0,11.0574228033192,68.65196078431373,0,0.0,1,UT,low_dc
UT,2010,City of Bountiful,Municipal,15709.0,12.968266013161331,110.60326352197255,0,0.0,1,UT,low_dc
UT,17732,Spanish Fork City Corporation,Municipal,13988.0,10.09554808903822,80.19373748927653,0,0.0,1,UT,low_dc
UT,17845,City of Springville - (UT),Municipal,10852.0,12.747534612581976,100.75254945324978,0,0.0,1,UT,low_dc
VA,11560,City of Manassas - (VA),Municipal,13947.0,11.633463737586519,115.49078654907866,4,28.680002868000283,1,VA,high_dc
VA,8198,City of Harrisonburg - (VA),Municipal,18089.0,11.358612898472419,106.53343652680267,1,5.528221571120571,1,VA,high_dc
VA,21244,"Southside Electric Coop, Inc",Cooperative,56846.0,15.477798378334743,171.4528433545603,0,0.0,1,VA,low_dc
VA,3291,Central Virginia Electric Coop,Cooperative,34893.0,16.1426176967125,191.13910144346048,0,0.0,1,VA,low_dc
VA,84,A & N Electric Coop,Cooperative,33096.0,13.021379621427446,120.66035170413342,0,0.0,1,VA,low_dc
VA,16558,City of Salem - (VA),Municipal,11298.0,15.1148803079514,139.0179677819083,0,0.0,1,VA,low_dc
VA,15410,Prince George Electric Coop,Cooperative,10954.0,13.048134601316752,169.61840423589555,0,0.0,1,VA,low_dc
VA,19882,Virginia Tech Electric Service,State,5660.0,17.17558109069132,135.12367491166077,0,0.0,1,VA,low_dc
